symbol,symbol_type,total_return,annual_return,max_drawdown,sharpe_ratio,final_value,dca_buy_count,dca_sell_count,t_buy_count,t_sell_count,t_profit,data_points,start_date,end_date,data_start_date,data_end_date,annual_returns
159001.SZ,etf,0.0,0.0,0.0,0.0,500000.0,0,0,0,0,0.0,0,,,2015-01-05,2026-01-21,"[{""year"": 2015, ""return"": 0.0, ""profit"": 0.0}, {""year"": 2016, ""return"": 0.0, ""profit"": 0.0}, {""year"": 2017, ""return"": 0.0, ""profit"": 0.0}, {""year"": 2018, ""return"": 0.0, ""profit"": 0.0}, {""year"": 2019, ""return"": 0.0, ""profit"": 0.0}, {""year"": 2020, ""return"": 0.0, ""profit"": 0.0}, {""year"": 2021, ""return"": 0.0, ""profit"": 0.0}, {""year"": 2022, ""return"": 0.0, ""profit"": 0.0}, {""year"": 2023, ""return"": 0.0, ""profit"": 0.0}, {""year"": 2024, ""return"": 0.0, ""profit"": 0.0}, {""year"": 2025, ""return"": 0.0, ""profit"": 0.0}, {""year"": 2026, ""return"": 0.0, ""profit"": 0.0}]"
159003.SZ,etf,0.0,0.0,0.0,0.0,500000.0,0,0,0,0,0.0,0,,,2015-01-05,2026-01-21,"[{""year"": 2015, ""return"": 0.0, ""profit"": 0.0}, {""year"": 2016, ""return"": 0.0, ""profit"": 0.0}, {""year"": 2017, ""return"": 0.0, ""profit"": 0.0}, {""year"": 2018, ""return"": 0.0, ""profit"": 0.0}, {""year"": 2019, ""return"": 0.0, ""profit"": 0.0}, {""year"": 2020, ""return"": 0.0, ""profit"": 0.0}, {""year"": 2021, ""return"": 0.0, ""profit"": 0.0}, {""year"": 2022, ""return"": 0.0, ""profit"": 0.0}, {""year"": 2023, ""return"": 0.0, ""profit"": 0.0}, {""year"": 2024, ""return"": 0.0, ""profit"": 0.0}, {""year"": 2025, ""return"": 0.0, ""profit"": 0.0}, {""year"": 2026, ""return"": 0.0, ""profit"": 0.0}]"
159005.SZ,etf,0.0,0.0,0.0,0.0,500000.0,0,0,0,0,0.0,0,,,2015-01-13,2026-01-21,"[{""year"": 2015, ""return"": 0.0, ""profit"": 0.0}, {""year"": 2016, ""return"": 0.0, ""profit"": 0.0}, {""year"": 2017, ""return"": 0.0, ""profit"": 0.0}, {""year"": 2018, ""return"": 0.0, ""profit"": 0.0}, {""year"": 2019, ""return"": 0.0, ""profit"": 0.0}, {""year"": 2020, ""return"": 0.0, ""profit"": 0.0}, {""year"": 2021, ""return"": 0.0, ""profit"": 0.0}, {""year"": 2022, ""return"": 0.0, ""profit"": 0.0}, {""year"": 2023, ""return"": 0.0, ""profit"": 0.0}, {""year"": 2024, ""return"": 0.0, ""profit"": 0.0}, {""year"": 2025, ""return"": 0.0, ""profit"": 0.0}, {""year"": 2026, ""return"": 0.0, ""profit"": 0.0}]"
159100.SZ,etf,0.000611,0.003236340121315573,-0.0007459879902132512,1.010314497946444,500305.5,10,0,0,0,0.0,0,,,2025-11-13,2026-01-21,"[{""year"": 2025, ""return"": -0.00018039999999990686, ""profit"": -90.19999999995343}, {""year"": 2026, ""return"": 0.0007479023130363535, ""profit"": 373.8999999999651}]"
159101.SZ,etf,-0.0018875999999998603,-0.004913781062652167,-0.0031968515680084507,-0.8239206161405291,499056.20000000007,19,0,1,1,-38.19999999999982,0,,,2025-09-03,2026-01-21,"[{""year"": 2025, ""return"": -0.0027629999999997674, ""profit"": -1381.4999999998836}, {""year"": 2026, ""return"": -0.00033692263439048976, ""profit"": -168.20000000001164}]"
159102.SZ,etf,-0.0007135999999998604,-0.0020495265926165906,-0.00304530255031818,-0.3221390213070547,499643.20000000007,17,0,2,2,2.4000000000005457,0,,,2025-09-16,2026-01-21,"[{""year"": 2025, ""return"": -0.0030133999999997904, ""profit"": -1506.6999999998952}, {""year"": 2026, ""return"": 0.0010129471312118675, ""profit"": 505.5999999999767}]"
159103.SZ,etf,0.00014820000000006985,0.0004067668583742634,-0.0034578872890558454,0.04059218577237395,500074.10000000003,18,0,1,1,-54.0,0,,,2025-09-10,2026-01-21,"[{""year"": 2025, ""return"": -0.0007453999999999069, ""profit"": -372.69999999995343}, {""year"": 2026, ""return"": 0.0007800925504363221, ""profit"": 389.79999999998836}]"
159105.SZ,etf,-0.00048620000000018627,-0.0022443909372744653,-0.002184493733978543,-0.3933081679803723,499756.8999999999,12,0,2,2,-275.1999999999998,0,,,2025-11-03,2026-01-21,"[{""year"": 2025, ""return"": -0.002034620346203671, ""profit"": -1017.3000000001048}, {""year"": 2026, ""return"": 0.0006170803928410535, ""profit"": 308.19999999995343}]"
159106.SZ,etf,0.0014724000000001397,0.0059188844302053845,-0.0005607864289683491,1.8173426038449219,500736.20000000007,13,0,0,0,0.0,0,,,2025-10-22,2026-01-21,"[{""year"": 2025, ""return"": 0.0005460000000001164, ""profit"": 273.0000000000582}, {""year"": 2026, ""return"": 0.0007102590666947353, ""profit"": 355.3999999999651}]"
159107.SZ,etf,0.001839400000000256,0.005558900168401548,-0.004590151294756836,0.39690203441041877,500919.7000000001,17,0,0,0,0.0,0,,,2025-09-22,2026-01-21,"[{""year"": 2025, ""return"": -0.0009888098880985784, ""profit"": -494.39999999984866}, {""year"": 2026, ""return"": 0.0019959117614171094, ""profit"": 997.7999999999884}]"
159108.SZ,etf,0.0017505999999999767,0.011067875939168914,-0.0009500395317793643,1.923716893987175,500875.3,9,0,0,0,0.0,0,,,2025-11-24,2026-01-21,"[{""year"": 2025, ""return"": 0.00014800148001491658, ""profit"": 74.00000000005821}, {""year"": 2026, ""return"": 0.0013506605461776934, ""profit"": 675.5999999999185}]"
159109.SZ,etf,-0.000562,-0.001990130293721526,-0.0014057104236527276,-0.5298170253353245,499719.0,15,0,0,0,0.0,0,,,2025-10-10,2026-01-21,"[{""year"": 2025, ""return"": -0.001154, ""profit"": -577.0}, {""year"": 2026, ""return"": -4.602374825409911e-05, ""profit"": -23.0}]"
159117.SZ,etf,-0.0005269999999998836,-0.0020022189566836213,-0.0012423487789235414,-0.8506971522706313,499736.50000000006,14,0,2,2,-147.59999999999945,0,,,2025-10-17,2026-01-21,"[{""year"": 2025, ""return"": -0.0008695999999999767, ""profit"": -434.79999999998836}, {""year"": 2026, ""return"": 0.00035291042000553, ""profit"": 176.30000000004657}]"
159118.SZ,etf,-2.8e-05,-0.00018580351970909348,-0.00023799762002379976,-0.20242637337701777,499986.0,8,0,0,0,0.0,0,,,2025-11-27,2026-01-21,"[{""year"": 2025, ""return"": -0.000218, ""profit"": -109.0}, {""year"": 2026, ""return"": 0.000200045610399171, ""profit"": 100.0}]"
159119.SZ,etf,0.0009744000000000233,0.005165219158652645,-0.00022186421909791207,2.59344657802716,500487.2,10,0,0,0,0.0,0,,,2025-11-13,2026-01-21,"[{""year"": 2025, ""return"": 0.00022960000000009313, ""profit"": 114.80000000004657}, {""year"": 2026, ""return"": 0.0007026091713489917, ""profit"": 351.3999999999651}]"
159120.SZ,etf,0.000106,0.0005608521401549993,-0.0006775771918322966,0.16303090544536217,500053.0,10,0,0,0,0.0,0,,,2025-11-13,2026-01-21,"[{""year"": 2025, ""return"": -0.000408, ""profit"": -204.0}, {""year"": 2026, ""return"": -2.199718436040187e-05, ""profit"": -11.0}]"
159121.SZ,etf,-0.00029,-0.0018235998936466657,-0.0005019839365140316,-0.7586028381406961,499855.0,9,0,0,0,0.0,0,,,2025-11-24,2026-01-21,"[{""year"": 2025, ""return"": -0.00023600236002360023, ""profit"": -118.0}, {""year"": 2026, ""return"": -3.400870622879457e-05, ""profit"": -17.0}]"
159122.SZ,etf,0.0006053999999997905,0.002800168092191191,-0.0010115073459270897,0.5612163792265293,500302.6999999999,12,0,1,1,107.30000000000018,0,,,2025-11-03,2026-01-21,"[{""year"": 2025, ""return"": -0.00013300133001330013, ""profit"": -66.5}, {""year"": 2026, ""return"": 0.00038431506637012265, ""profit"": 192.19999999989523}]"
159123.SZ,etf,0.0008381999999999535,0.005575757008218218,-0.0004458272902629515,2.0960966365962226,500419.1,8,0,0,0,0.0,0,,,2025-11-27,2026-01-21,"[{""year"": 2025, ""return"": -2.0999999999883586e-05, ""profit"": -10.499999999941792}, {""year"": 2026, ""return"": 0.000749533591323669, ""profit"": 374.79999999993015}]"
159125.SZ,etf,-0.00029040000000002327,-0.0013939143555371514,-0.0008155787949514244,-0.39183797462993647,499854.8,11,0,0,0,0.0,0,,,2025-11-06,2026-01-21,"[{""year"": 2025, ""return"": -0.0007896000000000931, ""profit"": -394.80000000004657}, {""year"": 2026, ""return"": -0.00012262057573258464, ""profit"": -61.29999999998836}]"
159126.SZ,etf,-0.00011540000000002328,-0.0005330658517689324,-0.0006133470068185178,-0.17224078757102784,499942.3,12,0,0,0,0.0,0,,,2025-11-03,2026-01-21,"[{""year"": 2025, ""return"": -0.00048380483804842705, ""profit"": -241.90000000002328}, {""year"": 2026, ""return"": -6.92031971876635e-05, ""profit"": -34.59999999997672}]"
159127.SZ,etf,-0.000542,-0.0031865835038228374,-0.0005559922161089745,-3.0021811000742047,499729.0,9,0,0,0,0.0,0,,,2025-11-20,2026-01-21,"[{""year"": 2025, ""return"": -0.000412, ""profit"": -206.0}, {""year"": 2026, ""return"": -9.604283510445659e-05, ""profit"": -48.0}]"
159128.SZ,etf,-0.000236,-0.0012477740139953397,-0.0007676683672653414,-0.3661509170976045,499882.0,10,0,0,0,0.0,0,,,2025-11-13,2026-01-21,"[{""year"": 2025, ""return"": -0.00059, ""profit"": -295.0}, {""year"": 2026, ""return"": -0.00018200982853074066, ""profit"": -91.0}]"
159129.SZ,etf,0.0032468000000000466,0.017551697574607283,-0.00035896090600281294,3.905912327930938,501623.4,10,0,1,0,0.0,0,,,2025-11-14,2026-01-21,"[{""year"": 2025, ""return"": 0.001006399999999907, ""profit"": 503.19999999995343}, {""year"": 2026, ""return"": 0.0020871847098538504, ""profit"": 1044.8000000000466}]"
159130.SZ,etf,0.000262800000000163,0.001745328553407699,-0.0007806089309093234,0.5185454322207994,500131.4000000001,8,0,0,0,0.0,0,,,2025-11-27,2026-01-21,"[{""year"": 2025, ""return"": -0.0006585999999998603, ""profit"": -329.29999999993015}, {""year"": 2026, ""return"": 0.0003826458409718415, ""profit"": 191.30000000004657}]"
159131.SZ,etf,0.00043680000000004656,0.0023127745522000254,-0.0006619748449558917,0.6225923844041508,500218.4,10,0,0,0,0.0,0,,,2025-11-13,2026-01-21,"[{""year"": 2025, ""return"": -0.0002987999999999302, ""profit"": -149.39999999996508}, {""year"": 2026, ""return"": 0.00027035501292575596, ""profit"": 135.19999999995343}]"
159132.SZ,etf,-9.019999999995343e-05,-0.0025294482269075935,-0.00015039311199549387,-3.4088947236602096,499954.9,2,0,0,0,0.0,0,,,2026-01-08,2026-01-21,"[{""year"": 2026, ""return"": -9.019999999995343e-05, ""profit"": -45.09999999997672}]"
159133.SZ,etf,0.001924600000000093,0.012388457609781467,-0.00024291394453898073,4.288833759578034,500962.30000000005,8,0,0,0,0.0,0,,,2025-11-25,2026-01-21,"[{""year"": 2025, ""return"": 0.0006286000000000931, ""profit"": 314.30000000004657}, {""year"": 2026, ""return"": 0.0011701181989252898, ""profit"": 585.5}]"
159136.SZ,etf,-0.00014619999999983702,-0.0019745998045188617,-0.0002053878410397173,-3.072711553782647,499926.9000000001,4,0,0,0,0.0,0,,,2025-12-25,2026-01-21,"[{""year"": 2025, ""return"": -1.8999999999883585e-05, ""profit"": -9.499999999941792}, {""year"": 2026, ""return"": -0.00016579675038362263, ""profit"": -82.89999999996508}]"
159137.SZ,etf,-2.1799999999813735e-05,-0.0008837300284638694,-0.00016478296144183346,-0.3728944199564982,499989.1000000001,2,0,0,0,0.0,0,,,2026-01-12,2026-01-21,"[{""year"": 2026, ""return"": -1.180011800111016e-05, ""profit"": -5.899999999965075}]"
159138.SZ,etf,4.400000000139698e-06,0.0002007697098980188,-1.539999999990687e-05,0.8164307611305374,500002.20000000007,1,0,0,0,0.0,0,,,2026-01-13,2026-01-21,"[{""year"": 2026, ""return"": 4.400000000139698e-06, ""profit"": 2.200000000069849}]"
159139.SZ,etf,0.00044940000000013967,0.004981888339746776,-0.0006200645122870492,1.4582688330063744,500224.70000000007,5,0,0,0,0.0,0,,,2025-12-19,2026-01-21,"[{""year"": 2025, ""return"": 2.5000000000116414e-05, ""profit"": 12.500000000058208}, {""year"": 2026, ""return"": 0.0002831529399814449, ""profit"": 141.60000000003492}]"
159140.SZ,etf,0.0004844000000001397,0.005212455215971357,-0.0005727321923451295,1.6097098995793813,500242.20000000007,5,0,0,0,0.0,0,,,2025-12-18,2026-01-21,"[{""year"": 2025, ""return"": 2.8600000000093134e-05, ""profit"": 14.300000000046566}, {""year"": 2026, ""return"": 0.0003109460819493899, ""profit"": 155.5}]"
159141.SZ,etf,0.000807,0.007207218881143174,-0.000702723984281288,1.899255922468478,500403.5,6,0,0,0,0.0,0,,,2025-12-11,2026-01-21,"[{""year"": 2025, ""return"": 0.000108, ""profit"": 54.0}, {""year"": 2026, ""return"": 0.0004628407827707269, ""profit"": 231.5}]"
159142.SZ,etf,0.0007624000000001397,0.006978486319730859,-0.0008420662420117088,1.6416674754502838,500381.20000000007,6,0,0,0,0.0,0,,,2025-12-12,2026-01-21,"[{""year"": 2025, ""return"": 0.00012400000000011642, ""profit"": 62.00000000005821}, {""year"": 2026, ""return"": 0.0004394581429114448, ""profit"": 219.79999999998836}]"
159143.SZ,etf,-2e-05,-0.0008107903540579553,-2.9799707962792117e-05,-1.6241051588037565,499990.0,2,0,0,0,0.0,0,,,2026-01-12,2026-01-21,"[{""year"": 2026, ""return"": -1.000010000100001e-05, ""profit"": -5.0}]"
159150.SZ,etf,0.06657219999999972,0.030940822277504276,-0.028977029295155242,0.7304169951433799,533286.0999999999,102,0,20,19,2813.7000000000016,0,,,2023-12-11,2026-01-21,"[{""year"": 2023, ""return"": 0.00011900119001190012, ""profit"": 59.5}, {""year"": 2024, ""return"": 0.01645621974746365, ""profit"": 8228.099999999977}, {""year"": 2025, ""return"": 0.053009605011110905, ""profit"": 26862.399999999907}, {""year"": 2026, ""return"": -0.0043774555160010775, ""profit"": -2344.70000000007}]"
159151.SZ,etf,-1.1800000000046565e-05,-0.0006151000928283912,-1.4399962560120627e-05,-2.5288276420289577,499994.1,1,0,0,0,0.0,0,,,2026-01-14,2026-01-21,"[{""year"": 2026, ""return"": -1.1800000000046565e-05, ""profit"": -5.900000000023283}]"
159201.SZ,etf,0.017890600000000093,0.0199287309384093,-0.005745386957734568,1.7558422787591856,508945.30000000005,44,0,7,6,770.6999999999989,0,,,2025-02-27,2026-01-21,"[{""year"": 2025, ""return"": 0.012017600000000093, ""profit"": 6008.800000000047}, {""year"": 2026, ""return"": 0.005092753963779292, ""profit"": 2578.8000000000466}]"
159202.SZ,etf,0.002227399999999907,0.002904556155298721,-0.01086849528697164,0.17517647589168173,501113.69999999995,37,0,3,3,469.7999999999993,0,,,2025-04-16,2026-01-21,"[{""year"": 2025, ""return"": -0.0007776000000000932, ""profit"": -388.80000000004657}, {""year"": 2026, ""return"": 0.00026068743636280977, ""profit"": 130.60000000009313}]"
159203.SZ,etf,0.008357400000000372,0.014928749984715939,-0.004125691820775153,1.4429281780020127,504178.7000000002,29,0,4,3,1064.6000000000004,0,,,2025-06-30,2026-01-21,"[{""year"": 2025, ""return"": 0.006617466174662119, ""profit"": 3308.7000000001863}, {""year"": 2026, ""return"": 0.00019838172094952626, ""profit"": 100.0}]"
159205.SZ,etf,0.014032999999999884,0.02307126061306164,-0.006760366256320288,1.3012171809928201,507016.49999999994,31,0,3,3,1682.499999999999,0,,,2025-06-12,2026-01-21,"[{""year"": 2025, ""return"": 0.012446999999999884, ""profit"": 6223.499999999942}, {""year"": 2026, ""return"": -7.139297355089845e-05, ""profit"": -36.20000000001164}]"
159206.SZ,etf,0.05565679999999981,0.06519883401911852,-0.021391766339171298,1.467705983974089,527828.3999999999,42,0,7,7,785.3000000000002,0,,,2025-03-14,2026-01-21,"[{""year"": 2025, ""return"": 0.043496799999999815, ""profit"": 21748.399999999907}, {""year"": 2026, ""return"": 0.009288086719913657, ""profit"": 4857.399999999965}]"
159207.SZ,etf,0.006956999999999883,0.00885610298575834,-0.0043814993647769565,1.1330883592613457,503478.49999999994,38,0,3,3,429.8000000000002,0,,,2025-04-09,2026-01-21,"[{""year"": 2025, ""return"": 0.00408920000000007, ""profit"": 2044.600000000035}, {""year"": 2026, ""return"": 0.0028661085699215063, ""profit"": 1438.899999999965}]"
159208.SZ,etf,0.017747199999999953,0.02560143488922839,-0.012430992863955385,0.980671633836911,508873.6,35,0,8,7,425.0000000000018,0,,,2025-05-12,2026-01-21,"[{""year"": 2025, ""return"": 0.012671126711267112, ""profit"": 6335.5}, {""year"": 2026, ""return"": 0.004064214510338882, ""profit"": 2059.7999999999884}]"
159209.SZ,etf,0.01508299999999965,0.018258019362493716,-0.003289715799265743,1.7539137265388882,507541.4999999998,40,0,5,5,505.8000000000011,0,,,2025-03-25,2026-01-21,"[{""year"": 2025, ""return"": 0.009119799999999813, ""profit"": 4559.899999999907}, {""year"": 2026, ""return"": 0.0039023388715200384, ""profit"": 1972.899999999965}]"
159210.SZ,etf,0.00048219999999995344,0.0007620243026855711,-0.007482035161289925,0.06182703866588721,500241.1,32,0,4,4,845.6000000000004,0,,,2025-06-04,2026-01-21,"[{""year"": 2025, ""return"": -0.00036620000000006983, ""profit"": -183.10000000003492}, {""year"": 2026, ""return"": 0.0007542049929170749, ""profit"": 377.0}]"
159211.SZ,etf,0.012178000000000582,0.015790472916435982,-0.0063773237044267754,1.138113947077111,506089.0000000003,38,0,4,4,1114.699999999999,0,,,2025-04-14,2026-01-21,"[{""year"": 2025, ""return"": 0.011180911809118604, ""profit"": 5590.400000000256}, {""year"": 2026, ""return"": -0.00040253386972911376, ""profit"": -203.79999999998836}]"
159212.SZ,etf,0.012878200000000187,0.01640677133865731,-0.006580389010102006,1.161143588225117,506439.1000000001,38,0,4,4,1157.9000000000005,0,,,2025-04-09,2026-01-21,"[{""year"": 2025, ""return"": 0.011806400000000022, ""profit"": 5903.200000000012}, {""year"": 2026, ""return"": -0.0003385243024917792, ""profit"": -171.4999999999418}]"
159213.SZ,etf,0.014250000000000117,0.019605269570287298,-0.009586984730753772,1.2182992008782487,507125.00000000006,35,0,6,5,859.5999999999995,0,,,2025-04-30,2026-01-21,"[{""year"": 2025, ""return"": 0.007098, ""profit"": 3549.0}, {""year"": 2026, ""return"": 0.005758182513402883, ""profit"": 2903.4000000000233}]"
159215.SZ,etf,0.014457199999999953,0.018293680476783702,-0.004521522919801714,1.6612169186442451,507228.6,39,0,6,6,911.2999999999993,0,,,2025-04-07,2026-01-21,"[{""year"": 2025, ""return"": 0.01091790917909172, ""profit"": 5458.899999999965}, {""year"": 2026, ""return"": 0.0018172714856653142, ""profit"": 920.0999999999767}]"
159216.SZ,etf,0.01258140000000014,0.01614138822607636,-0.006349379731276672,1.1052254771235002,506290.70000000007,38,0,5,5,1135.6000000000004,0,,,2025-04-11,2026-01-21,"[{""year"": 2025, ""return"": 0.011647, ""profit"": 5823.5}, {""year"": 2026, ""return"": -0.0004434219459905292, ""profit"": -224.59999999997672}]"
159217.SZ,etf,0.0008880000000002328,0.00110633227126411,-0.02048396264047319,0.049375445909417025,500444.0000000001,39,0,8,8,-11.599999999999454,0,,,2025-04-03,2026-01-21,"[{""year"": 2025, ""return"": -0.003544799999999814, ""profit"": -1772.3999999999069}, {""year"": 2026, ""return"": 0.0005310105354410244, ""profit"": 265.6000000000349}]"
159218.SZ,etf,0.03717860000000044,0.05612505952955882,-0.01931419790405753,1.3783331017923937,518589.3000000002,33,0,5,5,333.1999999999998,0,,,2025-05-22,2026-01-21,"[{""year"": 2025, ""return"": 0.028056800000000395, ""profit"": 14028.400000000198}, {""year"": 2026, ""return"": 0.006402606997495217, ""profit"": 3299.2000000000116}]"
159219.SZ,etf,0.00941579999999993,0.013612320888918505,-0.005352132069111277,1.079155334239533,504707.89999999997,34,0,4,4,1123.5000000000018,0,,,2025-05-13,2026-01-21,"[{""year"": 2025, ""return"": 0.008574599999999977, ""profit"": 4287.299999999988}, {""year"": 2026, ""return"": -0.00022027692692295448, ""profit"": -111.20000000001164}]"
159220.SZ,etf,0.004315399999999907,0.006207106421404207,-0.004755214782360386,0.8381351974827855,502157.69999999995,35,0,5,5,522.5,0,,,2025-05-12,2026-01-21,"[{""year"": 2025, ""return"": 0.0031312313123130764, ""profit"": 1565.5999999999767}, {""year"": 2026, ""return"": 0.0012004651129405729, ""profit"": 602.0999999999767}]"
159221.SZ,etf,0.010757399999999907,0.015556449036404851,-0.004044374608312722,1.8029402985569254,505378.69999999995,34,0,5,4,664.4000000000024,0,,,2025-05-13,2026-01-21,"[{""year"": 2025, ""return"": 0.0071294000000000236, ""profit"": 3564.7000000000116}, {""year"": 2026, ""return"": 0.003189737893228687, ""profit"": 1606.9000000000233}]"
159222.SZ,etf,0.013546000000000233,0.017758352356626483,-0.0038319075441532856,1.9310916251862553,506773.0000000001,37,0,6,5,608.8999999999987,0,,,2025-04-17,2026-01-21,"[{""year"": 2025, ""return"": 0.008710200000000187, ""profit"": 4355.100000000093}, {""year"": 2026, ""return"": 0.004118531927439608, ""profit"": 2078.5999999999767}]"
159223.SZ,etf,0.006526399999999907,0.011823791853659449,-0.0025334755076116535,1.7357502831658351,503263.19999999995,28,0,3,3,215.30000000000018,0,,,2025-07-03,2026-01-21,"[{""year"": 2025, ""return"": 0.003446799999999814, ""profit"": 1723.3999999999069}, {""year"": 2026, ""return"": 0.0027824115880947364, ""profit"": 1396.4000000000233}]"
159225.SZ,etf,0.01286280000000028,0.01686093884862072,-0.00382063559716178,1.8122457192242343,506431.40000000014,37,0,6,5,565.1999999999989,0,,,2025-04-17,2026-01-21,"[{""year"": 2025, ""return"": 0.008217800000000162, ""profit"": 4108.9000000000815}, {""year"": 2026, ""return"": 0.004175078887497, ""profit"": 2105.600000000035}]"
159226.SZ,etf,0.009156400000000373,0.014136447799339757,-0.0029502760079943057,1.7312602393695207,504578.2000000002,32,0,5,5,851.5,0,,,2025-05-29,2026-01-21,"[{""year"": 2025, ""return"": 0.005789600000000326, ""profit"": 2894.800000000163}, {""year"": 2026, ""return"": 0.002190375140473572, ""profit"": 1102.7999999999884}]"
159227.SZ,etf,0.01619959999999986,0.023739283629319985,-0.011447376025190064,0.965368826327543,508099.79999999993,34,0,9,8,212.0,0,,,2025-05-16,2026-01-21,"[{""year"": 2025, ""return"": 0.011395, ""profit"": 5697.5}, {""year"": 2026, ""return"": 0.003856382689723511, ""profit"": 1951.8999999999069}]"
159228.SZ,etf,-0.00019739999999990687,-0.0003320099064703097,-0.0032281834800310717,-0.07729601114467216,499901.30000000005,30,0,6,6,291.59999999999945,0,,,2025-06-18,2026-01-21,"[{""year"": 2025, ""return"": -5.3999999997904525e-06, ""profit"": -2.699999999895226}, {""year"": 2026, ""return"": -0.0002305923443342612, ""profit"": -115.30000000004657}]"
159229.SZ,etf,0.009954399999999907,0.014508185674817264,-0.003058815495139895,1.6993067061552551,504977.19999999995,34,0,4,4,704.5000000000018,0,,,2025-05-15,2026-01-21,"[{""year"": 2025, ""return"": 0.006909799999999813, ""profit"": 3454.899999999907}, {""year"": 2026, ""return"": 0.0027217678882222765, ""profit"": 1370.7000000000116}]"
159230.SZ,etf,0.01161180000000028,0.018015822174767937,-0.00875880137643351,0.8270898914454552,505805.90000000014,32,0,6,6,151.5,0,,,2025-05-30,2026-01-21,"[{""year"": 2025, ""return"": 0.007273400000000372, ""profit"": 3636.7000000001863}, {""year"": 2026, ""return"": 0.0032739911689909362, ""profit"": 1650.5999999999767}]"
159231.SZ,etf,0.014235600000000093,0.019511341318551256,-0.010120387856783743,0.8620920637784614,507117.80000000005,35,0,7,7,266.8999999999978,0,,,2025-04-29,2026-01-21,"[{""year"": 2025, ""return"": 0.009123200000000069, ""profit"": 4561.600000000035}, {""year"": 2026, ""return"": 0.004023476416670781, ""profit"": 2032.2000000000116}]"
159232.SZ,etf,0.01100440000000014,0.01513087365889132,-0.003697634520982691,1.745800067429804,505502.20000000007,35,0,3,3,690.2000000000007,0,,,2025-04-30,2026-01-21,"[{""year"": 2025, ""return"": 0.008127600000000092, ""profit"": 4063.8000000000466}, {""year"": 2026, ""return"": 0.002497407499441218, ""profit"": 1259.2999999999884}]"
159233.SZ,etf,0.011012199999999953,0.01745572069404977,-0.002886741255371022,1.9714418081550438,505506.1,32,0,4,3,898.8000000000011,0,,,2025-06-04,2026-01-21,"[{""year"": 2025, ""return"": 0.007424199999999837, ""profit"": 3712.0999999999185}, {""year"": 2026, ""return"": 0.0032273563601169053, ""profit"": 1626.2000000000698}]"
159235.SZ,etf,0.011362400000000022,0.015624151787768215,-0.003595388381291682,1.7300579442602046,505681.2,35,0,5,4,587.5999999999995,0,,,2025-04-30,2026-01-21,"[{""year"": 2025, ""return"": 0.007822, ""profit"": 3911.0}, {""year"": 2026, ""return"": 0.0031597632478747545, ""profit"": 1592.7999999999884}]"
159236.SZ,etf,0.01045620000000007,0.015302696902583346,-0.003608722282550781,1.7672182340829428,505228.10000000003,34,0,3,3,684.5999999999995,0,,,2025-05-16,2026-01-21,"[{""year"": 2025, ""return"": 0.007237400000000139, ""profit"": 3618.70000000007}, {""year"": 2026, ""return"": 0.0028448084726543877, ""profit"": 1433.2000000000698}]"
159237.SZ,etf,-0.0014386000000004423,-0.002650355625548495,-0.006031232205132549,-0.25650287488750195,499280.6999999998,28,0,3,3,50.399999999999636,0,,,2025-07-07,2026-01-21,"[{""year"": 2025, ""return"": -0.0020364203642040148, ""profit"": -1018.2000000001863}, {""year"": 2026, ""return"": 0.0006190730618443071, ""profit"": 308.8999999999651}]"
159238.SZ,etf,0.006864199999999837,0.011109367498290945,-0.004031293201654539,1.2491989083635753,503432.0999999999,32,0,4,4,539.3000000000011,0,,,2025-06-09,2026-01-21,"[{""year"": 2025, ""return"": 0.005119451194511852, ""profit"": 2559.6999999999534}, {""year"": 2026, ""return"": 0.0006521514438367316, ""profit"": 328.1000000000349}]"
159239.SZ,etf,-0.0014429999999997672,-0.002212151999179013,-0.009863222355445227,-0.1791588430072908,499278.5000000001,32,0,2,2,760.0,0,,,2025-05-28,2026-01-21,"[{""year"": 2025, ""return"": -0.001478199999999837, ""profit"": -739.0999999999185}, {""year"": 2026, ""return"": -5.6478312828474825e-05, ""profit"": -28.199999999953434}]"
159240.SZ,etf,0.008008400000000023,0.013444732421092453,-0.0031474196984449514,1.605065430920263,504004.2,30,0,4,4,746.0,0,,,2025-06-17,2026-01-21,"[{""year"": 2025, ""return"": 0.005167000000000117, ""profit"": 2583.500000000058}, {""year"": 2026, ""return"": 0.0018189620884252445, ""profit"": 915.0999999999767}]"
159241.SZ,etf,0.01472160000000021,0.022762437479223907,-0.01099283582054635,0.9831498107618174,507360.8000000001,32,0,7,6,115.60000000000036,0,,,2025-05-29,2026-01-21,"[{""year"": 2025, ""return"": 0.01007240000000014, ""profit"": 5036.20000000007}, {""year"": 2026, ""return"": 0.0037404784180112955, ""profit"": 1890.7000000000116}]"
159242.SZ,etf,0.011521400000000372,0.023369832190485607,-0.0056542253250987514,1.0446743188143797,505760.7000000002,25,0,4,3,-282.2000000000007,0,,,2025-07-24,2026-01-21,"[{""year"": 2025, ""return"": 0.007895800000000395, ""profit"": 3947.900000000198}, {""year"": 2026, ""return"": 0.0021205075189646154, ""profit"": 1070.2000000000116}]"
159243.SZ,etf,-0.0002099999999998836,-0.0047796689399383085,-0.0005648435383397635,-1.3268581755054896,499895.00000000006,3,0,0,0,0.0,0,,,2026-01-05,2026-01-21,"[{""year"": 2026, ""return"": -0.00020000200002000018, ""profit"": -100.0}]"
159245.SZ,etf,-0.003255399999999674,-0.005494844454467351,-0.005920512353489919,-0.7280946556341598,498372.30000000016,30,0,7,7,-141.19999999999982,0,,,2025-06-19,2026-01-21,"[{""year"": 2025, ""return"": -0.004495399999999558, ""profit"": -2247.699999999779}, {""year"": 2026, ""return"": 0.000801448752663751, ""profit"": 399.0999999999767}]"
159246.SZ,etf,0.014486399999999674,0.027286687216975913,-0.006523835659400997,1.0738894949129614,507243.19999999984,27,0,4,3,-271.1999999999989,0,,,2025-07-10,2026-01-21,"[{""year"": 2025, ""return"": 0.01022679999999993, ""profit"": 5113.399999999965}, {""year"": 2026, ""return"": 0.002361831288731297, ""profit"": 1195.1999999998952}]"
159248.SZ,etf,0.0077607999999998135,0.01571197040732164,-0.005354570989790988,1.0141902043252,503880.3999999999,25,0,2,2,8.0,0,,,2025-07-24,2026-01-21,"[{""year"": 2025, ""return"": 0.004327199999999954, ""profit"": 2163.5999999999767}, {""year"": 2026, ""return"": 0.0018235926604569749, ""profit"": 917.1999999999534}]"
159249.SZ,etf,0.008122400000000139,0.014651621418514837,-0.002639178461817404,1.921779200300369,504061.20000000007,28,0,3,3,151.59999999999945,0,,,2025-07-02,2026-01-21,"[{""year"": 2025, ""return"": 0.00483540000000014, ""profit"": 2417.70000000007}, {""year"": 2026, ""return"": 0.0024222262526370046, ""profit"": 1218.0}]"
159251.SZ,etf,-0.0020518000000000467,-0.004133292656638865,-0.006527990315966976,-0.4377177118040653,498974.1,25,0,1,1,112.19999999999982,0,,,2025-07-24,2026-01-21,"[{""year"": 2025, ""return"": -0.0033205999999998603, ""profit"": -1660.2999999999302}, {""year"": 2026, ""return"": -0.00020157303105145004, ""profit"": -100.60000000009313}]"
159253.SZ,etf,-0.0011171999999999534,-0.009230002195683817,-0.0011391749381513142,-3.843783100942428,499441.4,7,0,2,1,-132.40000000000055,0,,,2025-12-08,2026-01-21,"[{""year"": 2025, ""return"": -1.000010000100001e-05, ""profit"": -5.0}, {""year"": 2026, ""return"": -0.0010552654264563937, ""profit"": -527.5999999999767}]"
159255.SZ,etf,0.007118200000000419,0.015345609450807318,-0.006409730240825001,0.9397193916658704,503559.1000000002,24,0,4,4,-74.99999999999818,0,,,2025-08-04,2026-01-21,"[{""year"": 2025, ""return"": 0.0039092390923911105, ""profit"": 1954.6000000000931}, {""year"": 2026, ""return"": 0.0023861355313835836, ""profit"": 1198.7000000000698}]"
159256.SZ,etf,0.0016664000000001396,0.003581278567662771,-0.0058974926524524,0.209059188055518,500833.20000000007,24,0,3,3,-133.60000000000218,0,,,2025-08-04,2026-01-21,"[{""year"": 2025, ""return"": -0.002663826638266196, ""profit"": -1331.8999999999069}, {""year"": 2026, ""return"": 0.0031769839023601267, ""profit"": 1586.0999999999767}]"
159257.SZ,etf,0.006877800000000047,0.014234846457539474,-0.007357487739820778,0.7228699737818308,503438.9,25,0,4,4,-400.39999999999964,0,,,2025-07-28,2026-01-21,"[{""year"": 2025, ""return"": 0.0034864348643485503, ""profit"": 1743.1999999999534}, {""year"": 2026, ""return"": 0.002568759471790292, ""profit"": 1289.9000000000233}]"
159258.SZ,etf,0.005455600000000093,0.011545223214362021,-0.005614868862629719,1.0768241955097548,502727.80000000005,24,0,5,4,-459.89999999999964,0,,,2025-08-01,2026-01-21,"[{""year"": 2025, ""return"": 0.0006684000000001397, ""profit"": 334.20000000006985}, {""year"": 2026, ""return"": 0.003895145386011936, ""profit"": 1950.5999999999767}]"
159259.SZ,etf,0.0037975999999999765,0.009521057917715181,-0.004499455543509875,0.9226611233007534,501898.8,20,0,3,2,-323.1999999999998,0,,,2025-08-28,2026-01-21,"[{""year"": 2025, ""return"": 0.0011643999999999069, ""profit"": 582.1999999999534}, {""year"": 2026, ""return"": 0.0016414665790419544, ""profit"": 822.5}]"
159260.SZ,etf,-0.00041560000000009315,-0.0019433084384928856,-0.0012679179588139483,-0.5637902535919939,499792.19999999995,11,0,0,0,0.0,0,,,2025-11-04,2026-01-21,"[{""year"": 2025, ""return"": -0.00010340000000002329, ""profit"": -51.70000000001164}, {""year"": 2026, ""return"": -0.0005391333631163886, ""profit"": -269.6000000000349}]"
159261.SZ,etf,0.010690199999999837,0.019795474874088725,-0.007306721607411815,0.9688135753981528,505345.0999999999,28,0,3,3,660.6000000000013,0,,,2025-07-07,2026-01-21,"[{""year"": 2025, ""return"": 0.008006280062800466, ""profit"": 4003.0999999999185}, {""year"": 2026, ""return"": 0.001334332794963584, ""profit"": 673.4000000000233}]"
159262.SZ,etf,-0.00031199999999976716,-0.0005750758379223786,-0.007128852368860492,-0.0476725428111184,499844.0000000001,28,0,4,4,414.5,0,,,2025-07-07,2026-01-21,"[{""year"": 2025, ""return"": -0.0024440244402441696, ""profit"": -1221.9999999998836}, {""year"": 2026, ""return"": 0.00022932411020839817, ""profit"": 114.59999999997672}]"
159263.SZ,etf,0.0040441999999999536,0.007505979614951697,-0.0020624289114199025,1.4058688526554683,502022.1,27,0,3,3,162.20000000000073,0,,,2025-07-08,2026-01-21,"[{""year"": 2025, ""return"": 0.00220159999999986, ""profit"": 1100.7999999999302}, {""year"": 2026, ""return"": 0.0017445951074712657, ""profit"": 874.2999999999884}]"
159265.SZ,etf,-0.0031416000000002095,-0.005641607270425397,-0.00490208321553018,-0.8534100851510034,498429.1999999999,28,0,6,6,-226.0000000000009,0,,,2025-07-02,2026-01-21,"[{""year"": 2025, ""return"": -0.003944600000000326, ""profit"": -1972.300000000163}, {""year"": 2026, ""return"": 0.000540187783003968, ""profit"": 269.1000000000349}]"
159266.SZ,etf,-0.0012641999999999534,-0.0026653717333368077,-0.0032997444155138155,-0.5561242616954474,499367.9,24,0,5,5,-76.19999999999891,0,,,2025-08-01,2026-01-21,"[{""year"": 2025, ""return"": -0.0012893999999999068, ""profit"": -644.6999999999534}, {""year"": 2026, ""return"": -0.00016297950562754472, ""profit"": -81.40000000002328}]"
159267.SZ,etf,0.008812199999999838,0.018683159200245436,-0.008571312323974112,0.8981029200354731,504406.0999999999,24,0,4,3,-91.19999999999982,0,,,2025-08-01,2026-01-21,"[{""year"": 2025, ""return"": 0.005780400000000023, ""profit"": 2890.2000000000116}, {""year"": 2026, ""return"": 0.002389688786010275, ""profit"": 1202.5}]"
159268.SZ,etf,-0.002917199999999837,-0.005778533764188243,-0.004603393771157056,-0.8732129723796584,498541.4000000001,26,0,5,5,-161.89999999999964,0,,,2025-07-21,2026-01-21,"[{""year"": 2025, ""return"": -0.003986639866398524, ""profit"": -1993.2999999999302}, {""year"": 2026, ""return"": 0.0007433189119159829, ""profit"": 370.29999999998836}]"
159269.SZ,etf,-0.00268879999999993,-0.00502698262872503,-0.007848158784760006,-0.47037626337905103,498655.60000000003,27,0,2,2,-15.199999999999818,0,,,2025-07-10,2026-01-21,"[{""year"": 2025, ""return"": -0.0043538000000000465, ""profit"": -2176.9000000000233}, {""year"": 2026, ""return"": 8.40329898677539e-05, ""profit"": 41.90000000002328}]"
159270.SZ,etf,0.005538400000000023,0.011200038343843088,-0.0031498381924224463,0.8966839101268983,502769.2,25,0,4,4,448.2999999999993,0,,,2025-07-24,2026-01-21,"[{""year"": 2025, ""return"": 0.0008682000000000699, ""profit"": 434.1000000000349}, {""year"": 2026, ""return"": 0.003122279677169616, ""profit"": 1564.9000000000233}]"
159271.SZ,etf,-0.0006275999999999768,-0.0014048154720089912,-0.002399549589791978,-0.26176755009061076,499686.2,23,0,2,2,-164.10000000000127,0,,,2025-08-11,2026-01-21,"[{""year"": 2025, ""return"": -0.0014384143841437483, ""profit"": -719.1999999999534}, {""year"": 2026, ""return"": 3.442278788560355e-05, ""profit"": 17.20000000001164}]"
159272.SZ,etf,0.003875400000000023,0.011450440308095278,-0.0018805371900577122,1.4149227968278864,501937.7,17,0,2,1,587.4000000000005,0,,,2025-09-19,2026-01-21,"[{""year"": 2025, ""return"": 0.00235520000000007, ""profit"": 1177.600000000035}, {""year"": 2026, ""return"": 0.0011989948469750197, ""profit"": 601.0999999999767}]"
